{
  "train_loss": [
    0.6798063859762131,
    0.536412016530404,
    0.39719663730549665,
    0.33725242697814223,
    0.25743455049200936,
    0.26970736514430377,
    0.2504533741029237,
    0.24762930877884562,
    0.2379922858992879,
    0.20050343106759372,
    0.2088587044451803,
    0.2398706719426072,
    0.28344703936763854,
    0.23821155428995142,
    0.17430857219690826,
    0.20380105117362418,
    0.24558472607810755,
    0.2201413655098404,
    0.23917799958648667,
    0.24230190666867452,
    0.21993193327728217,
    0.19558801074416826,
    0.20140151825754887,
    0.21184109755346958,
    0.22162675842322035,
    0.19836372595901516,
    0.1721111532111796,
    0.23374456865254303,
    0.21706503046359166,
    0.21064244071820146,
    0.20848585021013066,
    0.2158331227037255,
    0.19630377630124515,
    0.17236831396633323,
    0.20497457179132494,
    0.2139458127295349,
    0.26275853946973526,
    0.1802300995488273,
    0.23881413595426781,
    0.205263617318375,
    0.2965144419683152,
    0.1863192391630421,
    0.19766934623208546,
    0.2206745717113186,
    0.17686490075773498,
    0.20986087295705497,
    0.19836784420831932,
    0.19488498257029366,
    0.20083613650766613,
    0.17745886919751563,
    0.18994243396802873,
    0.21852042102239638,
    0.25728953825170564,
    0.21910935755586677,
    0.16174763485664262,
    0.1906983752139334,
    0.2311945520844263,
    0.20951433341701464,
    0.22768041600236402,
    0.23159854140693972,
    0.26031329755972704,
    0.17406603584146899,
    0.1872907372742663,
    0.21062833616569154,
    0.16899730837593022,
    0.20029016781770936,
    0.19137119612459805,
    0.1898286842062542,
    0.1961840337447466,
    0.17491570786484312,
    0.1877720120265422,
    0.2176003359782787,
    0.25606546394149127,
    0.2180749674384414,
    0.16150968206794278,
    0.19094730198753007,
    0.23198077606158898,
    0.20916569624904818,
    0.22809866252323,
    0.23253040410923462,
    0.24740063459148637,
    0.1671583294618395,
    0.1798198093510335,
    0.20440059309891218,
    0.16420351686441997,
    0.19445537523777978,
    0.1868621387139414,
    0.1874372418052478,
    0.19465069526610085,
    0.17338726374081825
  ],
  "train_acc": [
    0.566216709230208,
    0.7125136811382707,
    0.7935060197008391,
    0.8927398759576797,
    0.8595403137541043,
    0.8996716526815031,
    0.878146661802262,
    0.8763225100328347,
    0.9230207953301715,
    0.9306822327617658,
    0.9489237504560379,
    0.8759576796789493,
    0.8701203940167822,
    0.9044144472820138,
    0.9288580809923386,
    0.9354250273622765,
    0.9109813936519519,
    0.8766873403867201,
    0.8569865012769062,
    0.8763225100328347,
    0.8737686975556366,
    0.9295877417001095,
    0.8858080992338563,
    0.8599051441079898,
    0.8985771616198468,
    0.9460051076249544,
    0.9164538489602335,
    0.8613644655235315,
    0.9000364830353885,
    0.8434877781831448,
    0.8825246260488873,
    0.8325428675665816,
    0.9266690988690259,
    0.817219992703393,
    0.8708500547245531,
    0.8858080992338563,
    0.897117840204305,
    0.8690259029551258,
    0.8529733673841664,
    0.8854432688799708,
    0.8547975191535936,
    0.8599051441079898,
    0.8792411528639182,
    0.9511127325793506,
    0.890550893834367,
    0.9281284202845677,
    0.891280554542138,
    0.900401313389274,
    0.9383436701933601,
    0.935060197008391,
    0.9584093396570594,
    0.8854432688799708,
    0.8821597956950018,
    0.9033199562203575,
    0.9346953666545057,
    0.9423568040861,
    0.9160890186063481,
    0.8737686975556366,
    0.8599051441079898,
    0.874133527909522,
    0.8708500547245531,
    0.8620941262313024,
    0.8821597956950018,
    0.9569500182415177,
    0.8923750456037942,
    0.9314118934695367,
    0.8923750456037942,
    0.9011309740970449,
    0.9427216344399854,
    0.935060197008391,
    0.9605983217803721,
    0.8865377599416271,
    0.8810653046333455,
    0.903684786574243,
    0.9346953666545057,
    0.9434512951477563,
    0.9190076614374316,
    0.8734038672017512,
    0.8547975191535936,
    0.8730390368478658,
    0.8759576796789493,
    0.8606348048157607,
    0.883983947464429,
    0.9602334914264867,
    0.8916453848960233,
    0.9325063845311929,
    0.8916453848960233,
    0.9018606348048157,
    0.9449106165632981,
    0.9368843487778183
  ],
  "val_loss": [
    0.6697638552178367,
    0.6688479180764503,
    0.6673359681326988,
    0.6664444965109283,
    0.6659686587783746,
    0.6656707689597201,
    0.6652296407169299,
    0.6649902720838745,
    0.6652164495888969,
    0.6658883859517817,
    0.6666550033735256,
    0.6674434665885322,
    0.6674850060807765,
    0.6678037125617979,
    0.6668626095262334,
    0.6659527065699574,
    0.6640650259052846,
    0.6625369834840514,
    0.6599598707401746,
    0.6576142221101058,
    0.6547369737121698,
    0.651109949054104,
    0.6475364389856283,
    0.6433281358641942,
    0.6391420295741462,
    0.6340610838114564,
    0.6286706226976193,
    0.622429763466765,
    0.6161303133726075,
    0.6100073376248271,
    0.6036961227683962,
    0.5975751113585527,
    0.591154011770509,
    0.5841633289521351,
    0.5772886344540916,
    0.5706972356819289,
    0.563622092670763,
    0.5575228450421196,
    0.5508030953250139,
    0.5440393155802938,
    0.5403652541320839,
    0.5336460305324663,
    0.5273188989403194,
    0.5214897190891798,
    0.514492206542422,
    0.5083229661239109,
    0.5000048421950011,
    0.4925444130583224,
    0.4862123587438032,
    0.48051351733672754,
    0.47505740239762284,
    0.470034335040571,
    0.4655405842588651,
    0.4610883046621837,
    0.4561376615624977,
    0.4518055229562524,
    0.44766497857544607,
    0.4429761720105683,
    0.438364690280687,
    0.4339885374530793,
    0.43093273313732117,
    0.4265738650057183,
    0.4212525326028412,
    0.4180324044942993,
    0.41465209282593474,
    0.4116206375728921,
    0.4085165459572024,
    0.40474216632857635,
    0.4012892763604147,
    0.3990876368577281,
    0.3966939627815878,
    0.39435790923162994,
    0.39216420528965906,
    0.3909114462864721,
    0.3888071778405784,
    0.3865615606856177,
    0.38523191455726674,
    0.38386637115186145,
    0.3819021712571046,
    0.3804716278844739,
    0.37909265317366847,
    0.37654187132695965,
    0.37369034658745576,
    0.3711380788959701,
    0.36885307889990615,
    0.36655716739365096,
    0.3643728074590738,
    0.3623787095021827,
    0.3602038456302284,
    0.3583991796743324
  ],